municipality,category,value,type
Академический,Налоговые доходы,8.3,income
Академический,Неналоговые доходы,0,income
Академический,Безвозмездные поступления,1.5,income
Академический,Доходы: итого,9.8,income
Академический,Общегосударственные вопросы,6.3,expenses
Академический,"Культура, кинематография",2,expenses
Академический,Социальная политика,0.6,expenses
Академический,Средства массовой информации,0.2,expenses
Академический,Расходы: итого,9.1,expenses
Алексеевский,Налоговые доходы,7.8,income
Алексеевский,Неналоговые доходы,0,income
Алексеевский,Безвозмездные поступления,1.3,income
Алексеевский,Доходы: итого,9.1,income
Алексеевский,Общегосударственные вопросы,5.9,expenses
Алексеевский,"Культура, кинематография",0.3,expenses
Алексеевский,Социальная политика,0.9,expenses
Алексеевский,Средства массовой информации,0.2,expenses
Алексеевский,Расходы: итого,7.2,expenses
Алтуфьевский,Налоговые доходы,7,income
Алтуфьевский,Неналоговые доходы,0,income
Алтуфьевский,Безвозмездные поступления,1.4,income
Алтуфьевский,Доходы: итого,8.4,income
Алтуфьевский,Общегосударственные вопросы,7.2,expenses
Алтуфьевский,"Культура, кинематография",0.9,expenses
Алтуфьевский,Социальная политика,0.4,expenses
Алтуфьевский,Средства массовой информации,0.1,expenses
Алтуфьевский,Расходы: итого,8.6,expenses
Арбат,Налоговые доходы,6.8,income
Арбат,Неналоговые доходы,0.1,income
Арбат,Безвозмездные поступления,0.6,income
Арбат,Доходы: итого,7.5,income
Арбат,Общегосударственные вопросы,7,expenses
Арбат,Национальная экономика,0,expenses
Арбат,"Культура, кинематография",0.5,expenses
Арбат,Социальная политика,0.9,expenses
Арбат,Средства массовой информации,0,expenses
Арбат,Расходы: итого,8.4,expenses
Аэропорт,Налоговые доходы,6.8,income
Аэропорт,Неналоговые доходы,0.05,income
Аэропорт,Безвозмездные поступления,1.4,income
Аэропорт,Доходы: итого,8.3,income
Аэропорт,Общегосударственные вопросы,6.9,expenses
Аэропорт,"Культура, кинематография",0.5,expenses
Аэропорт,Социальная политика,0.5,expenses
Аэропорт,Средства массовой информации,0.1,expenses
Аэропорт,Расходы: итого,8,expenses
Бабушкинский,Налоговые доходы,7.3,income
Бабушкинский,Неналоговые доходы,0,income
Бабушкинский,Безвозмездные поступления,1.2,income
Бабушкинский,Доходы: итого,8.5,income
Бабушкинский,Общегосударственные вопросы,7.4,expenses
Бабушкинский,"Культура, кинематография",0.2,expenses
Бабушкинский,Социальная политика,0.9,expenses
Бабушкинский,Средства массовой информации,0.1,expenses
Бабушкинский,Расходы: итого,8.6,expenses
Басманный,Налоговые доходы,7.1,income
Басманный,Неналоговые доходы,0,income
Басманный,Безвозмездные поступления,1.4,income
Басманный,Доходы: итого,8.5,income
Басманный,Общегосударственные вопросы,7.3,expenses
Басманный,"Культура, кинематография",0.6,expenses
Басманный,Социальная политика,0.3,expenses
Басманный,Средства массовой информации,0.8,expenses
Басманный,Расходы: итого,9,expenses
Беговой,Налоговые доходы,6.8,income
Беговой,Неналоговые доходы,0,income
Беговой,Безвозмездные поступления,1.1,income
Беговой,Доходы: итого,8,income
Беговой,Общегосударственные вопросы,6,expenses
Беговой,"Культура, кинематография",0.4,expenses
Беговой,Социальная политика,0.7,expenses
Беговой,Средства массовой информации,0.1,expenses
Беговой,Расходы: итого,7.2,expenses
Бескудниковский,Налоговые доходы,6.3,income
Бескудниковский,Неналоговые доходы,0,income
Бескудниковский,Безвозмездные поступления,1.1,income
Бескудниковский,Доходы: итого,7.4,income
Бескудниковский,Общегосударственные вопросы,8.2,expenses
Бескудниковский,"Культура, кинематография",0.6,expenses
Бескудниковский,Средства массовой информации,0,expenses
Бескудниковский,Расходы: итого,8.8,expenses
Бибирево,Налоговые доходы,10.7,income
Бибирево,Неналоговые доходы,0,income
Бибирево,Безвозмездные поступления,1.7,income
Бибирево,Доходы: итого,12.4,income
Бибирево,Общегосударственные вопросы,8.8,expenses
Бибирево,Жилищно-коммунальное хозяйство,0,expenses
Бибирево,Образование,0.2,expenses
Бибирево,"Культура, кинематография",0.8,expenses
Бибирево,Социальная политика,0.8,expenses
Бибирево,Средства массовой информации,0.1,expenses
Бибирево,Расходы: итого,10.8,expenses
Бирюлево Восточное,Налоговые доходы,9.5,income
Бирюлево Восточное,Неналоговые доходы,0,income
Бирюлево Восточное,Безвозмездные поступления,1.7,income
Бирюлево Восточное,Доходы: итого,11.1,income
Бирюлево Восточное,Общегосударственные вопросы,7.8,expenses
Бирюлево Восточное,Национальная безопасность и правоохранительная деятельность,0.3,expenses
Бирюлево Восточное,"Культура, кинематография",1.8,expenses
Бирюлево Восточное,Социальная политика,0.9,expenses
Бирюлево Восточное,Средства массовой информации,0.4,expenses
Бирюлево Восточное,Расходы: итого,11.2,expenses
Бирюлево Западное,Налоговые доходы,7.4,income
Бирюлево Западное,Неналоговые доходы,0,income
Бирюлево Западное,Безвозмездные поступления,1.2,income
Бирюлево Западное,Доходы: итого,8.6,income
Бирюлево Западное,Общегосударственные вопросы,6.2,expenses
Бирюлево Западное,"Культура, кинематография",0.9,expenses
Бирюлево Западное,Социальная политика,0.3,expenses
Бирюлево Западное,Средства массовой информации,0.4,expenses
Бирюлево Западное,Расходы: итого,7.8,expenses
Богородское,Налоговые доходы,8.1,income
Богородское,Неналоговые доходы,0,income
Богородское,Безвозмездные поступления,1.7,income
Богородское,Доходы: итого,9.8,income
Богородское,Общегосударственные вопросы,7.5,expenses
Богородское,Образование,0.4,expenses
Богородское,"Культура, кинематография",1.3,expenses
Богородское,Социальная политика,0.3,expenses
Богородское,Средства массовой информации,0.4,expenses
Богородское,Расходы: итого,9.8,expenses
Братеево,Налоговые доходы,11.9,income
Братеево,Неналоговые доходы,0,income
Братеево,Безвозмездные поступления,1.2,income
Братеево,Доходы: итого,13.2,income
Братеево,Общегосударственные вопросы,5.5,expenses
Братеево,"Культура, кинематография",1.3,expenses
Братеево,Социальная политика,0.3,expenses
Братеево,Средства массовой информации,0.4,expenses
Братеево,Расходы: итого,7.5,expenses
Бутырский,Налоговые доходы,7.5,income
Бутырский,Неналоговые доходы,0,income
Бутырский,Безвозмездные поступления,1.1,income
Бутырский,Доходы: итого,8.6,income
Бутырский,Общегосударственные вопросы,5.4,expenses
Бутырский,"Культура, кинематография",1.4,expenses
Бутырский,Социальная политика,0.5,expenses
Бутырский,Средства массовой информации,0.1,expenses
Бутырский,Расходы: итого,7.4,expenses
Вешняки,Налоговые доходы,8.7,income
Вешняки,Неналоговые доходы,0,income
Вешняки,Безвозмездные поступления,1.7,income
Вешняки,Доходы: итого,10.4,income
Вешняки,Общегосударственные вопросы,8.9,expenses
Вешняки,"Культура, кинематография",1.7,expenses
Вешняки,Социальная политика,1,expenses
Вешняки,Средства массовой информации,0.4,expenses
Вешняки,Расходы: итого,11.9,expenses
Внуково,Налоговые доходы,6.6,income
Внуково,Неналоговые доходы,0,income
Внуково,Безвозмездные поступления,1.1,income
Внуково,Доходы: итого,7.7,income
Внуково,Общегосударственные вопросы,7,expenses
Внуково,"Культура, кинематография",0.3,expenses
Внуково,Социальная политика,1.4,expenses
Внуково,Средства массовой информации,0.2,expenses
Внуково,Расходы: итого,8.9,expenses
Войковский,Налоговые доходы,8,income
Войковский,Неналоговые доходы,0,income
Войковский,Безвозмездные поступления,1.1,income
Войковский,Доходы: итого,9.1,income
Войковский,Общегосударственные вопросы,8.1,expenses
Войковский,"Культура, кинематография",0.6,expenses
Войковский,Социальная политика,1.6,expenses
Войковский,Средства массовой информации,0,expenses
Войковский,Расходы: итого,10.3,expenses
Восточное Дегунино,Налоговые доходы,8.6,income
Восточное Дегунино,Неналоговые доходы,0,income
Восточное Дегунино,Безвозмездные поступления,1.1,income
Восточное Дегунино,Доходы: итого,9.7,income
Восточное Дегунино,Общегосударственные вопросы,7.7,expenses
Восточное Дегунино,"Культура, кинематография",1.2,expenses
Восточное Дегунино,Социальная политика,0.9,expenses
Восточное Дегунино,Средства массовой информации,0.1,expenses
Восточное Дегунино,Расходы: итого,9.9,expenses
Восточное Измайлово,Налоговые доходы,6.9,income
Восточное Измайлово,Неналоговые доходы,0,income
Восточное Измайлово,Безвозмездные поступления,1.1,income
Восточное Измайлово,Доходы: итого,8,income
Восточное Измайлово,Общегосударственные вопросы,8.3,expenses
Восточное Измайлово,"Культура, кинематография",0.7,expenses
Восточное Измайлово,Социальная политика,0.8,expenses
Восточное Измайлово,Средства массовой информации,0.4,expenses
Восточное Измайлово,Расходы: итого,10.3,expenses
Восточный,Налоговые доходы,5.3,income
Восточный,Неналоговые доходы,0,income
Восточный,Безвозмездные поступления,1.1,income
Восточный,Доходы: итого,6.4,income
Восточный,Общегосударственные вопросы,5.8,expenses
Восточный,Социальная политика,0.1,expenses
Восточный,Средства массовой информации,0.4,expenses
Восточный,Расходы: итого,6.3,expenses
Выхино-Жулебино,Налоговые доходы,10.7,income
Выхино-Жулебино,Неналоговые доходы,0,income
Выхино-Жулебино,Безвозмездные поступления,2.3,income
Выхино-Жулебино,Доходы: итого,13,income
Выхино-Жулебино,Общегосударственные вопросы,10.4,expenses
Выхино-Жулебино,"Культура, кинематография",1.1,expenses
Выхино-Жулебино,Социальная политика,0.5,expenses
Выхино-Жулебино,Средства массовой информации,1.4,expenses
Выхино-Жулебино,Расходы: итого,13.5,expenses
Гагаринский,Налоговые доходы,6.6,income
Гагаринский,Неналоговые доходы,0.01,income
Гагаринский,Безвозмездные поступления,21.9,income
Гагаринский,Доходы: итого,28.5,income
Гагаринский,Общегосударственные вопросы,13.5,expenses
Гагаринский,"Культура, кинематография",4,expenses
Гагаринский,Социальная политика,0.7,expenses
Гагаринский,Физическая культура и спорт,8,expenses
Гагаринский,Средства массовой информации,0.5,expenses
Гагаринский,Расходы: итого,26.8,expenses
Головинский,Налоговые доходы,9.2,income
Головинский,Неналоговые доходы,0.2,income
Головинский,Безвозмездные поступления,26.9,income
Головинский,Доходы: итого,36.3,income
Головинский,Общегосударственные вопросы,18.6,expenses
Головинский,"Культура, кинематография",6.8,expenses
Головинский,Социальная политика,1.1,expenses
Головинский,Физическая культура и спорт,5.5,expenses
Головинский,Средства массовой информации,0.6,expenses
Головинский,Расходы: итого,32.6,expenses
Гольяново,Налоговые доходы,9.4,income
Гольяново,Неналоговые доходы,0,income
Гольяново,Безвозмездные поступления,1.7,income
Гольяново,Доходы: итого,11.1,income
Гольяново,Общегосударственные вопросы,7.3,expenses
Гольяново,"Культура, кинематография",1.2,expenses
Гольяново,Социальная политика,0.4,expenses
Гольяново,Средства массовой информации,0.5,expenses
Гольяново,Расходы: итого,9.5,expenses
Даниловский,Налоговые доходы,8.4,income
Даниловский,Неналоговые доходы,0.06,income
Даниловский,Безвозмездные поступления,1.5,income
Даниловский,Доходы: итого,10,income
Даниловский,Общегосударственные вопросы,6.6,expenses
Даниловский,"Культура, кинематография",1.2,expenses
Даниловский,Социальная политика,1.4,expenses
Даниловский,Средства массовой информации,0.5,expenses
Даниловский,Расходы: итого,9.6,expenses
Дмитровский,Налоговые доходы,8,income
Дмитровский,Неналоговые доходы,0,income
Дмитровский,Безвозмездные поступления,1.1,income
Дмитровский,Доходы: итого,9.1,income
Дмитровский,Общегосударственные вопросы,6.3,expenses
Дмитровский,"Культура, кинематография",0.6,expenses
Дмитровский,Социальная политика,0.5,expenses
Дмитровский,Средства массовой информации,0.1,expenses
Дмитровский,Расходы: итого,7.6,expenses
Донской,Налоговые доходы,7,income
Донской,Неналоговые доходы,0,income
Донской,Безвозмездные поступления,1.1,income
Донской,Доходы: итого,8.1,income
Донской,Общегосударственные вопросы,5.3,expenses
Донской,"Культура, кинематография",0.7,expenses
Донской,Социальная политика,0.6,expenses
Донской,Средства массовой информации,0.4,expenses
Донской,Расходы: итого,7,expenses
Дорогомилово,Налоговые доходы,6.6,income
Дорогомилово,Неналоговые доходы,0,income
Дорогомилово,Безвозмездные поступления,1.4,income
Дорогомилово,Доходы: итого,8,income
Дорогомилово,Общегосударственные вопросы,7.2,expenses
Дорогомилово,"Культура, кинематография",0.5,expenses
Дорогомилово,Социальная политика,0.4,expenses
Дорогомилово,Средства массовой информации,0,expenses
Дорогомилово,Расходы: итого,8.2,expenses
Замоскворечье,Налоговые доходы,9.1,income
Замоскворечье,Неналоговые доходы,0,income
Замоскворечье,Безвозмездные поступления,13.9,income
Замоскворечье,Доходы: итого,23,income
Замоскворечье,Общегосударственные вопросы,14.2,expenses
Замоскворечье,Национальная экономика,0,expenses
Замоскворечье,"Культура, кинематография",4.8,expenses
Замоскворечье,Социальная политика,1,expenses
Замоскворечье,Физическая культура и спорт,3,expenses
Замоскворечье,Средства массовой информации,0.6,expenses
Замоскворечье,Расходы: итого,23.5,expenses
Западное Дегунино,Налоговые доходы,7.4,income
Западное Дегунино,Неналоговые доходы,0,income
Западное Дегунино,Безвозмездные поступления,1.1,income
Западное Дегунино,Доходы: итого,8.5,income
Западное Дегунино,Общегосударственные вопросы,6.7,expenses
Западное Дегунино,"Культура, кинематография",1.1,expenses
Западное Дегунино,Социальная политика,0.5,expenses
Западное Дегунино,Средства массовой информации,0.1,expenses
Западное Дегунино,Расходы: итого,8.4,expenses
Зюзино,Налоговые доходы,9.4,income
Зюзино,Неналоговые доходы,0.03,income
Зюзино,Безвозмездные поступления,1.7,income
Зюзино,Доходы: итого,11.1,income
Зюзино,Общегосударственные вопросы,6.4,expenses
Зюзино,"Культура, кинематография",1.4,expenses
Зюзино,Социальная политика,1.6,expenses
Зюзино,Средства массовой информации,0,expenses
Зюзино,Расходы: итого,9.4,expenses
Зябликово,Налоговые доходы,7.6,income
Зябликово,Неналоговые доходы,0,income
Зябликово,Безвозмездные поступления,1.8,income
Зябликово,Доходы: итого,9.4,income
Зябликово,Общегосударственные вопросы,8,expenses
Зябликово,Национальная безопасность и правоохранительная деятельность,0.7,expenses
Зябликово,"Культура, кинематография",0.9,expenses
Зябликово,Социальная политика,0.3,expenses
Зябликово,Средства массовой информации,0.5,expenses
Зябликово,Расходы: итого,10.5,expenses
Ивановское,Налоговые доходы,6.8,income
Ивановское,Неналоговые доходы,0,income
Ивановское,Безвозмездные поступления,1.7,income
Ивановское,Доходы: итого,8.6,income
Ивановское,Общегосударственные вопросы,9.2,expenses
Ивановское,"Культура, кинематография",1.5,expenses
Ивановское,Социальная политика,0.6,expenses
Ивановское,Средства массовой информации,0.3,expenses
Ивановское,Расходы: итого,11.6,expenses
Измайлово,Налоговые доходы,8.2,income
Измайлово,Неналоговые доходы,0,income
Измайлово,Безвозмездные поступления,1.4,income
Измайлово,Доходы: итого,9.5,income
Измайлово,Общегосударственные вопросы,6.6,expenses
Измайлово,"Культура, кинематография",1.1,expenses
Измайлово,Социальная политика,0.5,expenses
Измайлово,Средства массовой информации,0.1,expenses
Измайлово,Расходы: итого,8.4,expenses
Капотня,Налоговые доходы,8.1,income
Капотня,Неналоговые доходы,0,income
Капотня,Безвозмездные поступления,1.1,income
Капотня,Доходы: итого,9.2,income
Капотня,Общегосударственные вопросы,7.8,expenses
Капотня,"Культура, кинематография",0.8,expenses
Капотня,Социальная политика,0.6,expenses
Капотня,Средства массовой информации,0.2,expenses
Капотня,Расходы: итого,9.4,expenses
Коньково,Налоговые доходы,10.2,income
Коньково,Неналоговые доходы,0,income
Коньково,Безвозмездные поступления,1.7,income
Коньково,Доходы: итого,11.9,income
Коньково,Общегосударственные вопросы,7.9,expenses
Коньково,"Культура, кинематография",0.7,expenses
Коньково,Социальная политика,1.8,expenses
Коньково,Средства массовой информации,0.1,expenses
Коньково,Расходы: итого,10.4,expenses
Коптево,Налоговые доходы,9.1,income
Коптево,Неналоговые доходы,0,income
Коптево,Безвозмездные поступления,1.7,income
Коптево,Доходы: итого,10.8,income
Коптево,Общегосударственные вопросы,9.8,expenses
Коптево,"Культура, кинематография",1.2,expenses
Коптево,Социальная политика,1.6,expenses
Коптево,Средства массовой информации,0.1,expenses
Коптево,Расходы: итого,12.7,expenses
Косино-Ухтомский,Налоговые доходы,7.8,income
Косино-Ухтомский,Неналоговые доходы,0.1,income
Косино-Ухтомский,Безвозмездные поступления,1.1,income
Косино-Ухтомский,Доходы: итого,9,income
Косино-Ухтомский,Общегосударственные вопросы,6.2,expenses
Косино-Ухтомский,"Культура, кинематография",2.8,expenses
Косино-Ухтомский,Социальная политика,0.8,expenses
Косино-Ухтомский,Средства массовой информации,0.5,expenses
Косино-Ухтомский,Расходы: итого,10.4,expenses
Котловка,Налоговые доходы,6.8,income
Котловка,Неналоговые доходы,0,income
Котловка,Безвозмездные поступления,1.1,income
Котловка,Доходы: итого,7.9,income
Котловка,Общегосударственные вопросы,6.9,expenses
Котловка,Национальная безопасность и правоохранительная деятельность,0.1,expenses
Котловка,"Культура, кинематография",0.8,expenses
Котловка,Социальная политика,0.7,expenses
Котловка,Средства массовой информации,0.1,expenses
Котловка,Расходы: итого,8.5,expenses
Красносельский,Налоговые доходы,5.9,income
Красносельский,Неналоговые доходы,0,income
Красносельский,Безвозмездные поступления,1.1,income
Красносельский,Доходы: итого,7,income
Красносельский,Общегосударственные вопросы,5.6,expenses
Красносельский,"Культура, кинематография",0.1,expenses
Красносельский,Социальная политика,0.8,expenses
Красносельский,Средства массовой информации,0.2,expenses
Красносельский,Расходы: итого,6.7,expenses
Крылатское,Налоговые доходы,7.3,income
Крылатское,Неналоговые доходы,0,income
Крылатское,Безвозмездные поступления,1.1,income
Крылатское,Доходы: итого,8.4,income
Крылатское,Общегосударственные вопросы,7.1,expenses
Крылатское,"Культура, кинематография",0.1,expenses
Крылатское,Социальная политика,0.7,expenses
Крылатское,Средства массовой информации,0.1,expenses
Крылатское,Расходы: итого,8,expenses
Крюково,Налоговые доходы,8.9,income
Крюково,Неналоговые доходы,0,income
Крюково,Безвозмездные поступления,1.1,income
Крюково,Доходы: итого,10,income
Крюково,Общегосударственные вопросы,6.2,expenses
Крюково,"Культура, кинематография",0.5,expenses
Крюково,Социальная политика,0.4,expenses
Крюково,Средства массовой информации,0.7,expenses
Крюково,Расходы: итого,7.9,expenses
Кузьминки,Налоговые доходы,9.1,income
Кузьминки,Неналоговые доходы,0.3,income
Кузьминки,Безвозмездные поступления,1.7,income
Кузьминки,Доходы: итого,11.1,income
Кузьминки,Общегосударственные вопросы,8.3,expenses
Кузьминки,"Культура, кинематография",0.6,expenses
Кузьминки,Социальная политика,0.6,expenses
Кузьминки,Средства массовой информации,0.1,expenses
Кузьминки,Расходы: итого,9.6,expenses
Кунцево,Налоговые доходы,12.3,income
Кунцево,Неналоговые доходы,0,income
Кунцево,Безвозмездные поступления,1.2,income
Кунцево,Доходы: итого,13.5,income
Кунцево,Общегосударственные вопросы,3.8,expenses
Кунцево,Социальная политика,1.8,expenses
Кунцево,Средства массовой информации,0,expenses
Кунцево,Расходы: итого,5.5,expenses
Куркино,Налоговые доходы,6.3,income
Куркино,Неналоговые доходы,0,income
Куркино,Безвозмездные поступления,8.8,income
Куркино,Доходы: итого,15.1,income
Куркино,Общегосударственные вопросы,11.7,expenses
Куркино,"Культура, кинематография",3.1,expenses
Куркино,Социальная политика,1.7,expenses
Куркино,Физическая культура и спорт,1.5,expenses
Куркино,Средства массовой информации,0.1,expenses
Куркино,Расходы: итого,18.1,expenses
Левобережный,Налоговые доходы,7.1,income
Левобережный,Неналоговые доходы,0,income
Левобережный,Безвозмездные поступления,1.2,income
Левобережный,Доходы: итого,8.3,income
Левобережный,Общегосударственные вопросы,7.1,expenses
Левобережный,"Культура, кинематография",0.4,expenses
Левобережный,Социальная политика,0.5,expenses
Левобережный,Средства массовой информации,0.3,expenses
Левобережный,Расходы: итого,8.3,expenses
Лефортово,Налоговые доходы,6.5,income
Лефортово,Неналоговые доходы,0,income
Лефортово,Безвозмездные поступления,1.7,income
Лефортово,Доходы: итого,8.2,income
Лефортово,Общегосударственные вопросы,8.4,expenses
Лефортово,"Культура, кинематография",1.1,expenses
Лефортово,Социальная политика,0.8,expenses
Лефортово,Средства массовой информации,0.7,expenses
Лефортово,Расходы: итого,11,expenses
Лианозово,Налоговые доходы,6.7,income
Лианозово,Неналоговые доходы,0,income
Лианозово,Безвозмездные поступления,1.7,income
Лианозово,Доходы: итого,8.4,income
Лианозово,Общегосударственные вопросы,7.7,expenses
Лианозово,Национальная безопасность и правоохранительная деятельность,0,expenses
Лианозово,Образование,0.2,expenses
Лианозово,"Культура, кинематография",0.6,expenses
Лианозово,Социальная политика,0.3,expenses
Лианозово,Средства массовой информации,0.1,expenses
Лианозово,Расходы: итого,9,expenses
Ломоносовский,Налоговые доходы,8.2,income
Ломоносовский,Неналоговые доходы,0,income
Ломоносовский,Безвозмездные поступления,1.2,income
Ломоносовский,Доходы: итого,9.4,income
Ломоносовский,Общегосударственные вопросы,5.7,expenses
Ломоносовский,"Культура, кинематография",0.5,expenses
Ломоносовский,Социальная политика,0.6,expenses
Ломоносовский,Средства массовой информации,0.3,expenses
Ломоносовский,Расходы: итого,7.1,expenses
Лосиноостровский,Налоговые доходы,7.3,income
Лосиноостровский,Неналоговые доходы,0,income
Лосиноостровский,Безвозмездные поступления,1.4,income
Лосиноостровский,Доходы: итого,8.7,income
Лосиноостровский,Общегосударственные вопросы,7.6,expenses
Лосиноостровский,"Культура, кинематография",1.2,expenses
Лосиноостровский,Социальная политика,0.1,expenses
Лосиноостровский,Средства массовой информации,0.1,expenses
Лосиноостровский,Расходы: итого,9.1,expenses
Люблино,Налоговые доходы,9.6,income
Люблино,Неналоговые доходы,0,income
Люблино,Безвозмездные поступления,2.3,income
Люблино,Доходы: итого,11.9,income
Люблино,Общегосударственные вопросы,9.8,expenses
Люблино,"Культура, кинематография",1.1,expenses
Люблино,Социальная политика,0.9,expenses
Люблино,Средства массовой информации,0.1,expenses
Люблино,Расходы: итого,12,expenses
Марфино,Налоговые доходы,5.7,income
Марфино,Неналоговые доходы,0.3,income
Марфино,Безвозмездные поступления,1.1,income
Марфино,Доходы: итого,7.1,income
Марфино,Общегосударственные вопросы,7,expenses
Марфино,"Культура, кинематография",0.7,expenses
Марфино,Социальная политика,0.8,expenses
Марфино,Средства массовой информации,0.1,expenses
Марфино,Расходы: итого,8.6,expenses
Марьина роща,Налоговые доходы,8.3,income
Марьина роща,Неналоговые доходы,0,income
Марьина роща,Безвозмездные поступления,1.2,income
Марьина роща,Доходы: итого,9.4,income
Марьина роща,Общегосударственные вопросы,8.4,expenses
Марьина роща,"Культура, кинематография",0.5,expenses
Марьина роща,Социальная политика,1.5,expenses
Марьина роща,Средства массовой информации,0.1,expenses
Марьина роща,Расходы: итого,10.6,expenses
Марьино,Налоговые доходы,12.5,income
Марьино,Неналоговые доходы,0,income
Марьино,Безвозмездные поступления,2.3,income
Марьино,Доходы: итого,14.8,income
Марьино,Общегосударственные вопросы,9,expenses
Марьино,"Культура, кинематография",3.8,expenses
Марьино,Социальная политика,1.2,expenses
Марьино,Средства массовой информации,0.1,expenses
Марьино,Расходы: итого,14.1,expenses
Матушкино,Налоговые доходы,7.6,income
Матушкино,Неналоговые доходы,0,income
Матушкино,Безвозмездные поступления,1.1,income
Матушкино,Доходы: итого,8.7,income
Матушкино,Общегосударственные вопросы,6.9,expenses
Матушкино,Национальная безопасность и правоохранительная деятельность,0.1,expenses
Матушкино,"Культура, кинематография",0.5,expenses
Матушкино,Социальная политика,0.7,expenses
Матушкино,Средства массовой информации,0.3,expenses
Матушкино,Расходы: итого,8.4,expenses
Метрогородок,Налоговые доходы,8.2,income
Метрогородок,Неналоговые доходы,0,income
Метрогородок,Безвозмездные поступления,1.1,income
Метрогородок,Доходы: итого,9.3,income
Метрогородок,Общегосударственные вопросы,8,expenses
Метрогородок,"Культура, кинематография",0.6,expenses
Метрогородок,Социальная политика,1,expenses
Метрогородок,Средства массовой информации,0.4,expenses
Метрогородок,Расходы: итого,9.9,expenses
Мещанский,Налоговые доходы,6.7,income
Мещанский,Неналоговые доходы,0,income
Мещанский,Безвозмездные поступления,0.6,income
Мещанский,Доходы: итого,7.3,income
Мещанский,Общегосударственные вопросы,6,expenses
Мещанский,"Культура, кинематография",0.6,expenses
Мещанский,Социальная политика,0.4,expenses
Мещанский,Средства массовой информации,0.4,expenses
Мещанский,Расходы: итого,7.3,expenses
Митино,Налоговые доходы,11.7,income
Митино,Неналоговые доходы,0,income
Митино,Безвозмездные поступления,1.4,income
Митино,Доходы: итого,13.1,income
Митино,Общегосударственные вопросы,8.7,expenses
Митино,"Культура, кинематография",2.6,expenses
Митино,Социальная политика,1.5,expenses
Митино,Средства массовой информации,0.2,expenses
Митино,Расходы: итого,12.9,expenses
Можайский,Налоговые доходы,8.7,income
Можайский,Неналоговые доходы,0,income
Можайский,Безвозмездные поступления,1.1,income
Можайский,Доходы: итого,9.8,income
Можайский,Общегосударственные вопросы,8,expenses
Можайский,"Культура, кинематография",2.7,expenses
Можайский,Социальная политика,0.4,expenses
Можайский,Средства массовой информации,0.4,expenses
Можайский,Расходы: итого,11.4,expenses
Молжаниновский,Налоговые доходы,8.2,income
Молжаниновский,Неналоговые доходы,0.01,income
Молжаниновский,Безвозмездные поступления,5.2,income
Молжаниновский,Доходы: итого,13.4,income
Молжаниновский,Общегосударственные вопросы,14,expenses
Молжаниновский,"Культура, кинематография",0.8,expenses
Молжаниновский,Социальная политика,0.8,expenses
Молжаниновский,Физическая культура и спорт,1.5,expenses
Молжаниновский,Средства массовой информации,0.4,expenses
Молжаниновский,Расходы: итого,17.5,expenses
Москворечье-Сабурово,Налоговые доходы,7.5,income
Москворечье-Сабурово,Неналоговые доходы,0,income
Москворечье-Сабурово,Безвозмездные поступления,1.1,income
Москворечье-Сабурово,Доходы: итого,8.6,income
Москворечье-Сабурово,Общегосударственные вопросы,6.7,expenses
Москворечье-Сабурово,Национальная безопасность и правоохранительная деятельность,0.4,expenses
Москворечье-Сабурово,"Культура, кинематография",0.6,expenses
Москворечье-Сабурово,Социальная политика,0.2,expenses
Москворечье-Сабурово,Средства массовой информации,0.4,expenses
Москворечье-Сабурово,Расходы: итого,8.4,expenses
Нагатино-Садовники,Налоговые доходы,7.8,income
Нагатино-Садовники,Неналоговые доходы,0,income
Нагатино-Садовники,Безвозмездные поступления,1.2,income
Нагатино-Садовники,Доходы: итого,9,income
Нагатино-Садовники,Общегосударственные вопросы,5.8,expenses
Нагатино-Садовники,Национальная безопасность и правоохранительная деятельность,0.6,expenses
Нагатино-Садовники,"Культура, кинематография",0.1,expenses
Нагатино-Садовники,Социальная политика,0.3,expenses
Нагатино-Садовники,Средства массовой информации,0.5,expenses
Нагатино-Садовники,Расходы: итого,7.2,expenses
Нагатинский затон,Налоговые доходы,8.3,income
Нагатинский затон,Неналоговые доходы,0,income
Нагатинский затон,Безвозмездные поступления,1.2,income
Нагатинский затон,Доходы: итого,9.5,income
Нагатинский затон,Общегосударственные вопросы,5.6,expenses
Нагатинский затон,"Культура, кинематография",1.5,expenses
Нагатинский затон,Социальная политика,0.3,expenses
Нагатинский затон,Средства массовой информации,0.4,expenses
Нагатинский затон,Расходы: итого,7.8,expenses
Нагорный,Налоговые доходы,8.3,income
Нагорный,Неналоговые доходы,0,income
Нагорный,Безвозмездные поступления,1.1,income
Нагорный,Доходы: итого,9.4,income
Нагорный,Общегосударственные вопросы,6.5,expenses
Нагорный,"Культура, кинематография",0.5,expenses
Нагорный,Социальная политика,0.6,expenses
Нагорный,Средства массовой информации,0.6,expenses
Нагорный,Расходы: итого,8.1,expenses
Некрасовка,Налоговые доходы,8.3,income
Некрасовка,Неналоговые доходы,0,income
Некрасовка,Безвозмездные поступления,1.7,income
Некрасовка,Доходы: итого,10,income
Некрасовка,Общегосударственные вопросы,7.4,expenses
Некрасовка,"Культура, кинематография",0.5,expenses
Некрасовка,Социальная политика,1,expenses
Некрасовка,Средства массовой информации,0.1,expenses
Некрасовка,Расходы: итого,8.9,expenses
Нижегородский,Налоговые доходы,6.7,income
Нижегородский,Неналоговые доходы,0,income
Нижегородский,Безвозмездные поступления,1.2,income
Нижегородский,Доходы: итого,7.9,income
Нижегородский,Общегосударственные вопросы,6.1,expenses
Нижегородский,"Культура, кинематография",0.2,expenses
Нижегородский,Социальная политика,0.5,expenses
Нижегородский,Средства массовой информации,0.4,expenses
Нижегородский,Расходы: итого,7.2,expenses
Ново-Переделкино,Налоговые доходы,8.2,income
Ново-Переделкино,Неналоговые доходы,0,income
Ново-Переделкино,Безвозмездные поступления,1.1,income
Ново-Переделкино,Доходы: итого,9.3,income
Ново-Переделкино,Общегосударственные вопросы,8.6,expenses
Ново-Переделкино,"Культура, кинематография",1.2,expenses
Ново-Переделкино,Социальная политика,0.9,expenses
Ново-Переделкино,Средства массовой информации,0.4,expenses
Ново-Переделкино,Расходы: итого,11.2,expenses
Новогиреево,Налоговые доходы,7.5,income
Новогиреево,Неналоговые доходы,0,income
Новогиреево,Безвозмездные поступления,1.4,income
Новогиреево,Доходы: итого,8.9,income
Новогиреево,Общегосударственные вопросы,7.2,expenses
Новогиреево,"Культура, кинематография",0.3,expenses
Новогиреево,Социальная политика,0.9,expenses
Новогиреево,Средства массовой информации,0.6,expenses
Новогиреево,Расходы: итого,9,expenses
Новокосино,Налоговые доходы,7,income
Новокосино,Неналоговые доходы,0,income
Новокосино,Безвозмездные поступления,1.7,income
Новокосино,Доходы: итого,8.7,income
Новокосино,Общегосударственные вопросы,7.9,expenses
Новокосино,"Культура, кинематография",1.8,expenses
Новокосино,Социальная политика,0.2,expenses
Новокосино,Средства массовой информации,0.5,expenses
Новокосино,Расходы: итого,10.5,expenses
Обручевский,Налоговые доходы,7.6,income
Обручевский,Неналоговые доходы,0,income
Обручевский,Безвозмездные поступления,1.1,income
Обручевский,Доходы: итого,8.7,income
Обручевский,Общегосударственные вопросы,6.5,expenses
Обручевский,Национальная безопасность и правоохранительная деятельность,0,expenses
Обручевский,"Культура, кинематография",0.9,expenses
Обручевский,Социальная политика,1.1,expenses
Обручевский,Средства массовой информации,0.1,expenses
Обручевский,Расходы: итого,8.8,expenses
Орехово-Борисово Северное,Налоговые доходы,7.2,income
Орехово-Борисово Северное,Неналоговые доходы,0,income
Орехово-Борисово Северное,Безвозмездные поступления,1.8,income
Орехово-Борисово Северное,Доходы: итого,9.1,income
Орехово-Борисово Северное,Общегосударственные вопросы,8.8,expenses
Орехово-Борисово Северное,Национальная безопасность и правоохранительная деятельность,1.1,expenses
Орехово-Борисово Северное,"Культура, кинематография",0.8,expenses
Орехово-Борисово Северное,Социальная политика,1,expenses
Орехово-Борисово Северное,Средства массовой информации,0.4,expenses
Орехово-Борисово Северное,Расходы: итого,12.1,expenses
Орехово-Борисово Южное,Налоговые доходы,8.9,income
Орехово-Борисово Южное,Неналоговые доходы,0,income
Орехово-Борисово Южное,Безвозмездные поступления,1.8,income
Орехово-Борисово Южное,Доходы: итого,10.8,income
Орехово-Борисово Южное,Общегосударственные вопросы,7.3,expenses
Орехово-Борисово Южное,Национальная безопасность и правоохранительная деятельность,0.6,expenses
Орехово-Борисово Южное,"Культура, кинематография",0.8,expenses
Орехово-Борисово Южное,Социальная политика,0.2,expenses
Орехово-Борисово Южное,Средства массовой информации,0.4,expenses
Орехово-Борисово Южное,Расходы: итого,9.3,expenses
Останкинский,Налоговые доходы,7.9,income
Останкинский,Неналоговые доходы,0,income
Останкинский,Безвозмездные поступления,1.5,income
Останкинский,Доходы: итого,9.4,income
Останкинский,Общегосударственные вопросы,7.7,expenses
Останкинский,"Культура, кинематография",0.2,expenses
Останкинский,Социальная политика,0.6,expenses
Останкинский,Средства массовой информации,0.1,expenses
Останкинский,Расходы: итого,8.7,expenses
Отрадное,Налоговые доходы,9.6,income
Отрадное,Неналоговые доходы,0,income
Отрадное,Безвозмездные поступления,2.1,income
Отрадное,Доходы: итого,11.7,income
Отрадное,Общегосударственные вопросы,8.5,expenses
Отрадное,"Культура, кинематография",0.9,expenses
Отрадное,Социальная политика,0.8,expenses
Отрадное,Средства массовой информации,0,expenses
Отрадное,Расходы: итого,10.2,expenses
Очаково-Матвеевское,Налоговые доходы,8.6,income
Очаково-Матвеевское,Неналоговые доходы,0.02,income
Очаково-Матвеевское,Безвозмездные поступления,1.2,income
Очаково-Матвеевское,Доходы: итого,9.7,income
Очаково-Матвеевское,Общегосударственные вопросы,6.9,expenses
Очаково-Матвеевское,"Культура, кинематография",1.2,expenses
Очаково-Матвеевское,Социальная политика,0.3,expenses
Очаково-Матвеевское,Средства массовой информации,0.2,expenses
Очаково-Матвеевское,Расходы: итого,8.6,expenses
Перово,Налоговые доходы,9,income
Перово,Неналоговые доходы,0,income
Перово,Безвозмездные поступления,1.7,income
Перово,Доходы: итого,10.7,income
Перово,Общегосударственные вопросы,9.2,expenses
Перово,"Культура, кинематография",0.6,expenses
Перово,Социальная политика,1.2,expenses
Перово,Средства массовой информации,0.4,expenses
Перово,Расходы: итого,11.4,expenses
Печатники,Налоговые доходы,6.6,income
Печатники,Неналоговые доходы,0.02,income
Печатники,Безвозмездные поступления,1.7,income
Печатники,Доходы: итого,8.4,income
Печатники,Общегосударственные вопросы,7.3,expenses
Печатники,"Культура, кинематография",0.7,expenses
Печатники,Социальная политика,0.4,expenses
Печатники,Средства массовой информации,0.4,expenses
Печатники,Расходы: итого,8.8,expenses
Покровское-Стрешнево,Налоговые доходы,6.5,income
Покровское-Стрешнево,Неналоговые доходы,0.1,income
Покровское-Стрешнево,Безвозмездные поступления,1.3,income
Покровское-Стрешнево,Доходы: итого,8,income
Покровское-Стрешнево,Общегосударственные вопросы,7.2,expenses
Покровское-Стрешнево,"Культура, кинематография",0.6,expenses
Покровское-Стрешнево,Социальная политика,0.8,expenses
Покровское-Стрешнево,Средства массовой информации,0.1,expenses
Покровское-Стрешнево,Расходы: итого,8.7,expenses
Преображенское,Налоговые доходы,8.1,income
Преображенское,Неналоговые доходы,0,income
Преображенское,Безвозмездные поступления,1.1,income
Преображенское,Доходы: итого,9.2,income
Преображенское,Общегосударственные вопросы,6.5,expenses
Преображенское,Образование,0.2,expenses
Преображенское,"Культура, кинематография",0.6,expenses
Преображенское,Социальная политика,0.6,expenses
Преображенское,Средства массовой информации,0.2,expenses
Преображенское,Расходы: итого,8.1,expenses
Пресненский,Налоговые доходы,9.4,income
Пресненский,Неналоговые доходы,0.02,income
Пресненский,Безвозмездные поступления,38.9,income
Пресненский,Доходы: итого,48.4,income
Пресненский,Общегосударственные вопросы,22.6,expenses
Пресненский,Национальная экономика,0.2,expenses
Пресненский,"Культура, кинематография",7.8,expenses
Пресненский,Социальная политика,1.1,expenses
Пресненский,Физическая культура и спорт,3.6,expenses
Пресненский,Расходы: итого,35.3,expenses
Проспект Вернадского,Налоговые доходы,10.3,income
Проспект Вернадского,Неналоговые доходы,0.01,income
Проспект Вернадского,Безвозмездные поступления,1.2,income
Проспект Вернадского,Доходы: итого,11.5,income
Проспект Вернадского,Общегосударственные вопросы,8,expenses
Проспект Вернадского,"Культура, кинематография",2.1,expenses
Проспект Вернадского,Социальная политика,0.4,expenses
Проспект Вернадского,Средства массовой информации,0.1,expenses
Проспект Вернадского,Расходы: итого,10.5,expenses
Раменки,Налоговые доходы,8.4,income
Раменки,Неналоговые доходы,0,income
Раменки,Безвозмездные поступления,1.3,income
Раменки,Доходы: итого,9.7,income
Раменки,Общегосударственные вопросы,6.3,expenses
Раменки,"Культура, кинематография",0.1,expenses
Раменки,Социальная политика,0.5,expenses
Раменки,Средства массовой информации,0.3,expenses
Раменки,Расходы: итого,7.2,expenses
Ростокино,Налоговые доходы,6.1,income
Ростокино,Неналоговые доходы,-0,income
Ростокино,Безвозмездные поступления,1,income
Ростокино,Доходы: итого,7.1,income
Ростокино,Общегосударственные вопросы,6,expenses
Ростокино,"Культура, кинематография",0.6,expenses
Ростокино,Социальная политика,0.3,expenses
Ростокино,Средства массовой информации,0,expenses
Ростокино,Расходы: итого,6.9,expenses
Рязанский,Налоговые доходы,8.4,income
Рязанский,Неналоговые доходы,0,income
Рязанский,Безвозмездные поступления,1.1,income
Рязанский,Доходы: итого,9.5,income
Рязанский,Общегосударственные вопросы,6.9,expenses
Рязанский,"Культура, кинематография",2,expenses
Рязанский,Социальная политика,1.3,expenses
Рязанский,Средства массовой информации,0.4,expenses
Рязанский,Расходы: итого,10.5,expenses
Савелки,Налоговые доходы,6.6,income
Савелки,Неналоговые доходы,0,income
Савелки,Безвозмездные поступления,1.1,income
Савелки,Доходы: итого,7.7,income
Савелки,Общегосударственные вопросы,7.8,expenses
Савелки,"Культура, кинематография",0.2,expenses
Савелки,Социальная политика,1,expenses
Савелки,Средства массовой информации,0.3,expenses
Савелки,Расходы: итого,9.2,expenses
Савеловский,Налоговые доходы,6.9,income
Савеловский,Неналоговые доходы,-0,income
Савеловский,Безвозмездные поступления,1.3,income
Савеловский,Доходы: итого,8.2,income
Савеловский,Общегосударственные вопросы,7.7,expenses
Савеловский,"Культура, кинематография",1,expenses
Савеловский,Социальная политика,1.1,expenses
Савеловский,Средства массовой информации,0.1,expenses
Савеловский,Расходы: итого,9.9,expenses
Свиблово,Налоговые доходы,8.2,income
Свиблово,Неналоговые доходы,0,income
Свиблово,Безвозмездные поступления,1.3,income
Свиблово,Доходы: итого,9.6,income
Свиблово,Общегосударственные вопросы,6.5,expenses
Свиблово,"Культура, кинематография",1.3,expenses
Свиблово,Социальная политика,1.2,expenses
Свиблово,Средства массовой информации,0.1,expenses
Свиблово,Расходы: итого,9.1,expenses
Северное Бутово,Налоговые доходы,9.2,income
Северное Бутово,Неналоговые доходы,-0,income
Северное Бутово,Безвозмездные поступления,1.1,income
Северное Бутово,Доходы: итого,10.3,income
Северное Бутово,Общегосударственные вопросы,7.1,expenses
Северное Бутово,"Культура, кинематография",1,expenses
Северное Бутово,Социальная политика,0.6,expenses
Северное Бутово,Средства массовой информации,0.2,expenses
Северное Бутово,Расходы: итого,8.9,expenses
Северное Измайлово,Налоговые доходы,7.4,income
Северное Измайлово,Неналоговые доходы,0,income
Северное Измайлово,Безвозмездные поступления,1.5,income
Северное Измайлово,Доходы: итого,8.9,income
Северное Измайлово,Общегосударственные вопросы,6.2,expenses
Северное Измайлово,"Культура, кинематография",0.9,expenses
Северное Измайлово,Социальная политика,0.9,expenses
Северное Измайлово,Средства массовой информации,0.4,expenses
Северное Измайлово,Расходы: итого,8.4,expenses
Северное Медведково,Налоговые доходы,8.2,income
Северное Медведково,Неналоговые доходы,0,income
Северное Медведково,Безвозмездные поступления,1.7,income
Северное Медведково,Доходы: итого,9.8,income
Северное Медведково,Общегосударственные вопросы,7.4,expenses
Северное Медведково,"Культура, кинематография",1.2,expenses
Северное Медведково,Социальная политика,0.6,expenses
Северное Медведково,Средства массовой информации,0.2,expenses
Северное Медведково,Расходы: итого,9.4,expenses
Северное Тушино,Налоговые доходы,10,income
Северное Тушино,Неналоговые доходы,0,income
Северное Тушино,Безвозмездные поступления,1.7,income
Северное Тушино,Доходы: итого,11.7,income
Северное Тушино,Общегосударственные вопросы,8.1,expenses
Северное Тушино,"Культура, кинематография",3,expenses
Северное Тушино,Социальная политика,1.1,expenses
Северное Тушино,Средства массовой информации,0.1,expenses
Северное Тушино,Расходы: итого,12.2,expenses
Северный,Налоговые доходы,8.3,income
Северный,Неналоговые доходы,0,income
Северный,Безвозмездные поступления,1.1,income
Северный,Доходы: итого,9.4,income
Северный,Общегосударственные вопросы,7.1,expenses
Северный,"Культура, кинематография",0.4,expenses
Северный,Социальная политика,1.2,expenses
Северный,Средства массовой информации,0.1,expenses
Северный,Расходы: итого,8.8,expenses
Силино,Налоговые доходы,6.5,income
Силино,Неналоговые доходы,0.01,income
Силино,Безвозмездные поступления,1.1,income
Силино,Доходы: итого,7.6,income
Силино,Общегосударственные вопросы,9.2,expenses
Силино,"Культура, кинематография",0.3,expenses
Силино,Социальная политика,1.2,expenses
Силино,Средства массовой информации,0.3,expenses
Силино,Расходы: итого,10.9,expenses
Сокол,Налоговые доходы,7.2,income
Сокол,Неналоговые доходы,0.01,income
Сокол,Безвозмездные поступления,15.1,income
Сокол,Доходы: итого,22.3,income
Сокол,Общегосударственные вопросы,11.1,expenses
Сокол,"Культура, кинематография",4.3,expenses
Сокол,Социальная политика,0.3,expenses
Сокол,Физическая культура и спорт,2.6,expenses
Сокол,Средства массовой информации,0.2,expenses
Сокол,Расходы: итого,18.5,expenses
Соколиная гора,Налоговые доходы,7.2,income
Соколиная гора,Неналоговые доходы,0,income
Соколиная гора,Безвозмездные поступления,1.3,income
Соколиная гора,Доходы: итого,8.5,income
Соколиная гора,Общегосударственные вопросы,7.5,expenses
Соколиная гора,"Культура, кинематография",0.3,expenses
Соколиная гора,Социальная политика,0.1,expenses
Соколиная гора,Средства массовой информации,0.3,expenses
Соколиная гора,Расходы: итого,8.2,expenses
Сокольники,Налоговые доходы,7.7,income
Сокольники,Неналоговые доходы,0,income
Сокольники,Безвозмездные поступления,1.1,income
Сокольники,Доходы: итого,8.8,income
Сокольники,Общегосударственные вопросы,6.3,expenses
Сокольники,Образование,0.5,expenses
Сокольники,"Культура, кинематография",1.4,expenses
Сокольники,Социальная политика,1.8,expenses
Сокольники,Средства массовой информации,0.4,expenses
Сокольники,Расходы: итого,10.4,expenses
Солнцево,Налоговые доходы,8,income
Солнцево,Неналоговые доходы,0.02,income
Солнцево,Безвозмездные поступления,1.1,income
Солнцево,Доходы: итого,9.1,income
Солнцево,Общегосударственные вопросы,9.1,expenses
Солнцево,"Культура, кинематография",0.9,expenses
Солнцево,Социальная политика,0.7,expenses
Солнцево,Средства массовой информации,0.3,expenses
Солнцево,Расходы: итого,11,expenses
Старое Крюково,Налоговые доходы,6.5,income
Старое Крюково,Неналоговые доходы,0.03,income
Старое Крюково,Безвозмездные поступления,1.1,income
Старое Крюково,Доходы: итого,7.6,income
Старое Крюково,Общегосударственные вопросы,6.7,expenses
Старое Крюково,"Культура, кинематография",0.3,expenses
Старое Крюково,Социальная политика,0.3,expenses
Старое Крюково,Средства массовой информации,0.2,expenses
Старое Крюково,Расходы: итого,7.6,expenses
Строгино,Налоговые доходы,10.3,income
Строгино,Неналоговые доходы,0.1,income
Строгино,Безвозмездные поступления,27.2,income
Строгино,Доходы: итого,37.6,income
Строгино,Общегосударственные вопросы,15.2,expenses
Строгино,"Культура, кинематография",2.6,expenses
Строгино,Социальная политика,1,expenses
Строгино,Физическая культура и спорт,8.2,expenses
Строгино,Средства массовой информации,0,expenses
Строгино,Расходы: итого,27,expenses
Теплый Стан,Налоговые доходы,7.7,income
Теплый Стан,Неналоговые доходы,0.1,income
Теплый Стан,Безвозмездные поступления,1.7,income
Теплый Стан,Доходы: итого,9.6,income
Теплый Стан,Общегосударственные вопросы,6.6,expenses
Теплый Стан,"Культура, кинематография",2.7,expenses
Теплый Стан,Социальная политика,0.8,expenses
Теплый Стан,Средства массовой информации,0.5,expenses
Теплый Стан,Расходы: итого,10.5,expenses
Таганский,Налоговые доходы,8.6,income
Таганский,Неналоговые доходы,0,income
Таганский,Безвозмездные поступления,1.7,income
Таганский,Доходы: итого,10.3,income
Таганский,Общегосударственные вопросы,7.5,expenses
Таганский,"Культура, кинематография",0.7,expenses
Таганский,Социальная политика,0.6,expenses
Таганский,Средства массовой информации,0.3,expenses
Таганский,Расходы: итого,9.1,expenses
Тверской,Налоговые доходы,7.4,income
Тверской,Неналоговые доходы,0,income
Тверской,Безвозмездные поступления,1.3,income
Тверской,Доходы: итого,8.8,income
Тверской,Общегосударственные вопросы,8.7,expenses
Тверской,"Культура, кинематография",0.4,expenses
Тверской,Социальная политика,0.3,expenses
Тверской,Расходы: итого,9.4,expenses
Текстильщики,Налоговые доходы,10.3,income
Текстильщики,Неналоговые доходы,0,income
Текстильщики,Безвозмездные поступления,1.2,income
Текстильщики,Доходы: итого,11.6,income
Текстильщики,Общегосударственные вопросы,6,expenses
Текстильщики,"Культура, кинематография",0.4,expenses
Текстильщики,Социальная политика,0.6,expenses
Текстильщики,Средства массовой информации,0.2,expenses
Текстильщики,Расходы: итого,7.1,expenses
Тимирязевский,Налоговые доходы,8.2,income
Тимирязевский,Неналоговые доходы,0.01,income
Тимирязевский,Безвозмездные поступления,23.1,income
Тимирязевский,Доходы: итого,31.2,income
Тимирязевский,Общегосударственные вопросы,13.9,expenses
Тимирязевский,"Культура, кинематография",4.9,expenses
Тимирязевский,Социальная политика,0.5,expenses
Тимирязевский,Физическая культура и спорт,6.2,expenses
Тимирязевский,Средства массовой информации,0.2,expenses
Тимирязевский,Расходы: итого,25.6,expenses
Тропарево-Никулино,Налоговые доходы,7.5,income
Тропарево-Никулино,Неналоговые доходы,0,income
Тропарево-Никулино,Безвозмездные поступления,1.3,income
Тропарево-Никулино,Доходы: итого,8.9,income
Тропарево-Никулино,Общегосударственные вопросы,7,expenses
Тропарево-Никулино,"Культура, кинематография",1.4,expenses
Тропарево-Никулино,Социальная политика,0.4,expenses
Тропарево-Никулино,Средства массовой информации,0.1,expenses
Тропарево-Никулино,Расходы: итого,8.9,expenses
Филевский парк,Налоговые доходы,7.8,income
Филевский парк,Неналоговые доходы,0,income
Филевский парк,Безвозмездные поступления,1.3,income
Филевский парк,Доходы: итого,9.2,income
Филевский парк,Общегосударственные вопросы,5.5,expenses
Филевский парк,"Культура, кинематография",0.1,expenses
Филевский парк,Социальная политика,1.2,expenses
Филевский парк,Средства массовой информации,0.1,expenses
Филевский парк,Расходы: итого,7,expenses
Фили-Давыдково,Налоговые доходы,7,income
Фили-Давыдково,Неналоговые доходы,0.04,income
Фили-Давыдково,Безвозмездные поступления,1.1,income
Фили-Давыдково,Доходы: итого,8.1,income
Фили-Давыдково,Общегосударственные вопросы,7.4,expenses
Фили-Давыдково,"Культура, кинематография",1.2,expenses
Фили-Давыдково,Социальная политика,0.5,expenses
Фили-Давыдково,Средства массовой информации,0.1,expenses
Фили-Давыдково,Расходы: итого,9.2,expenses
Хамовники,Налоговые доходы,8.5,income
Хамовники,Неналоговые доходы,0,income
Хамовники,Безвозмездные поступления,1.7,income
Хамовники,Доходы: итого,10.3,income
Хамовники,Общегосударственные вопросы,6,expenses
Хамовники,Национальная экономика,0,expenses
Хамовники,"Культура, кинематография",0.1,expenses
Хамовники,Социальная политика,1,expenses
Хамовники,Средства массовой информации,0.4,expenses
Хамовники,Расходы: итого,7.5,expenses
Ховрино,Налоговые доходы,7.4,income
Ховрино,Неналоговые доходы,0.04,income
Ховрино,Безвозмездные поступления,20.9,income
Ховрино,Доходы: итого,28.4,income
Ховрино,Общегосударственные вопросы,15.5,expenses
Ховрино,"Культура, кинематография",4.3,expenses
Ховрино,Социальная политика,0.8,expenses
Ховрино,Физическая культура и спорт,3.2,expenses
Ховрино,Средства массовой информации,0.1,expenses
Ховрино,Расходы: итого,23.9,expenses
Хорошево-Мневники,Налоговые доходы,9.5,income
Хорошево-Мневники,Неналоговые доходы,0,income
Хорошево-Мневники,Безвозмездные поступления,1.7,income
Хорошево-Мневники,Доходы: итого,11.2,income
Хорошево-Мневники,Общегосударственные вопросы,8.8,expenses
Хорошево-Мневники,"Культура, кинематография",4.1,expenses
Хорошево-Мневники,Социальная политика,0.9,expenses
Хорошево-Мневники,Средства массовой информации,0.1,expenses
Хорошево-Мневники,Расходы: итого,13.8,expenses
Хорошевский,Налоговые доходы,6.8,income
Хорошевский,Неналоговые доходы,0,income
Хорошевский,Безвозмездные поступления,1.1,income
Хорошевский,Доходы: итого,8,income
Хорошевский,Общегосударственные вопросы,6.5,expenses
Хорошевский,"Культура, кинематография",0.7,expenses
Хорошевский,Социальная политика,0.4,expenses
Хорошевский,Средства массовой информации,0.1,expenses
Хорошевский,Расходы: итого,7.7,expenses
Царицыно,Налоговые доходы,9.3,income
Царицыно,Неналоговые доходы,0,income
Царицыно,Безвозмездные поступления,1.3,income
Царицыно,Доходы: итого,10.6,income
Царицыно,Общегосударственные вопросы,7.2,expenses
Царицыно,"Культура, кинематография",1.8,expenses
Царицыно,Социальная политика,0.4,expenses
Царицыно,Средства массовой информации,0.4,expenses
Царицыно,Расходы: итого,9.7,expenses
Черемушки,Налоговые доходы,8.4,income
Черемушки,Неналоговые доходы,0.2,income
Черемушки,Безвозмездные поступления,1.3,income
Черемушки,Доходы: итого,9.9,income
Черемушки,Общегосударственные вопросы,5.1,expenses
Черемушки,"Культура, кинематография",0.3,expenses
Черемушки,Социальная политика,1,expenses
Черемушки,Средства массовой информации,0,expenses
Черемушки,Расходы: итого,6.4,expenses
Чертаново Северное,Налоговые доходы,8.7,income
Чертаново Северное,Неналоговые доходы,0.05,income
Чертаново Северное,Безвозмездные поступления,1.1,income
Чертаново Северное,Доходы: итого,9.8,income
Чертаново Северное,Общегосударственные вопросы,7.5,expenses
Чертаново Северное,"Культура, кинематография",1.1,expenses
Чертаново Северное,Социальная политика,0.3,expenses
Чертаново Северное,Средства массовой информации,0.4,expenses
Чертаново Северное,Расходы: итого,9.4,expenses
Чертаново Центральное,Налоговые доходы,7.6,income
Чертаново Центральное,Неналоговые доходы,0.07,income
Чертаново Центральное,Безвозмездные поступления,1.2,income
Чертаново Центральное,Доходы: итого,9,income
Чертаново Центральное,Общегосударственные вопросы,5.5,expenses
Чертаново Центральное,"Культура, кинематография",1.8,expenses
Чертаново Центральное,Социальная политика,0.3,expenses
Чертаново Центральное,Средства массовой информации,0.4,expenses
Чертаново Центральное,Расходы: итого,8,expenses
Чертаново Южное,Налоговые доходы,8.1,income
Чертаново Южное,Неналоговые доходы,0,income
Чертаново Южное,Безвозмездные поступления,1.7,income
Чертаново Южное,Доходы: итого,9.8,income
Чертаново Южное,Общегосударственные вопросы,8,expenses
Чертаново Южное,Национальная безопасность и правоохранительная деятельность,0.3,expenses
Чертаново Южное,"Культура, кинематография",1.1,expenses
Чертаново Южное,Социальная политика,0.4,expenses
Чертаново Южное,Средства массовой информации,0.4,expenses
Чертаново Южное,Расходы: итого,10.2,expenses
Щукино,Налоговые доходы,8.1,income
Щукино,Неналоговые доходы,0.3,income
Щукино,Безвозмездные поступления,25.5,income
Щукино,Доходы: итого,33.9,income
Щукино,Общегосударственные вопросы,17.6,expenses
Щукино,Национальная безопасность и правоохранительная деятельность,0,expenses
Щукино,"Культура, кинематография",6.7,expenses
Щукино,Социальная политика,0.7,expenses
Щукино,Физическая культура и спорт,7.3,expenses
Щукино,Средства массовой информации,0.3,expenses
Щукино,Расходы: итого,32.6,expenses
Южное Бутово,Налоговые доходы,9.8,income
Южное Бутово,Неналоговые доходы,0,income
Южное Бутово,Безвозмездные поступления,1.3,income
Южное Бутово,Доходы: итого,11.1,income
Южное Бутово,Общегосударственные вопросы,6.7,expenses
Южное Бутово,"Культура, кинематография",2.3,expenses
Южное Бутово,Социальная политика,0.5,expenses
Южное Бутово,Средства массовой информации,0.1,expenses
Южное Бутово,Расходы: итого,9.6,expenses
Южное Медведково,Налоговые доходы,7.3,income
Южное Медведково,Неналоговые доходы,0,income
Южное Медведково,Безвозмездные поступления,1.2,income
Южное Медведково,Доходы: итого,8.5,income
Южное Медведково,Общегосударственные вопросы,7.3,expenses
Южное Медведково,"Культура, кинематография",1.1,expenses
Южное Медведково,Социальная политика,1,expenses
Южное Медведково,Средства массовой информации,0.1,expenses
Южное Медведково,Расходы: итого,9.5,expenses
Южное Тушино,Налоговые доходы,8.5,income
Южное Тушино,Неналоговые доходы,0.01,income
Южное Тушино,Безвозмездные поступления,1.4,income
Южное Тушино,Доходы: итого,9.9,income
Южное Тушино,Общегосударственные вопросы,7.4,expenses
Южное Тушино,"Культура, кинематография",1.4,expenses
Южное Тушино,Социальная политика,1.4,expenses
Южное Тушино,Средства массовой информации,0.3,expenses
Южное Тушино,Расходы: итого,10.5,expenses
Южнопортовый,Налоговые доходы,6.9,income
Южнопортовый,Неналоговые доходы,0,income
Южнопортовый,Безвозмездные поступления,1.1,income
Южнопортовый,Доходы: итого,8,income
Южнопортовый,Общегосударственные вопросы,6.7,expenses
Южнопортовый,"Культура, кинематография",0.8,expenses
Южнопортовый,Социальная политика,0.9,expenses
Южнопортовый,Средства массовой информации,0.1,expenses
Южнопортовый,Расходы: итого,8.4,expenses
Якиманка,Налоговые доходы,6,income
Якиманка,Неналоговые доходы,0.01,income
Якиманка,Безвозмездные поступления,1.1,income
Якиманка,Доходы: итого,7.1,income
Якиманка,Общегосударственные вопросы,6.7,expenses
Якиманка,"Культура, кинематография",0.1,expenses
Якиманка,Социальная политика,0.8,expenses
Якиманка,Средства массовой информации,0.4,expenses
Якиманка,Расходы: итого,7.9,expenses
Ярославский,Налоговые доходы,7,income
Ярославский,Неналоговые доходы,0,income
Ярославский,Безвозмездные поступления,1.6,income
Ярославский,Доходы: итого,8.6,income
Ярославский,Общегосударственные вопросы,7.1,expenses
Ярославский,"Культура, кинематография",0.3,expenses
Ярославский,Социальная политика,0.4,expenses
Ярославский,Средства массовой информации,0.1,expenses
Ярославский,Расходы: итого,7.9,expenses
Ясенево,Налоговые доходы,9.5,income
Ясенево,Неналоговые доходы,0.5,income
Ясенево,Безвозмездные поступления,1.7,income
Ясенево,Доходы: итого,11.7,income
Ясенево,Общегосударственные вопросы,8.5,expenses
Ясенево,Национальная безопасность и правоохранительная деятельность,0.1,expenses
Ясенево,"Культура, кинематография",1.7,expenses
Ясенево,Социальная политика,0.7,expenses
Ясенево,Средства массовой информации,0.2,expenses
Ясенево,Расходы: итого,11.1,expenses
Городской округ Троицк,Налоговые доходы,499.2,income
Городской округ Троицк,Неналоговые доходы,33.5,income
Городской округ Троицк,Безвозмездные поступления,644.4,income
Городской округ Троицк,Доходы: итого,,income
Городской округ Троицк,Общегосударственные вопросы,96.9,expenses
Городской округ Троицк,Национальная оборона,2.6,expenses
Городской округ Троицк,Национальная безопасность и правоохранительная деятельность,3.1,expenses
Городской округ Троицк,Национальная экономика,70,expenses
Городской округ Троицк,Жилищно-коммунальное хозяйство,70.4,expenses
Городской округ Троицк,Охрана окружающей среды,0.3,expenses
Городской округ Троицк,Образование,695.8,expenses
Городской округ Троицк,"Культура, кинематография",20.2,expenses
Городской округ Троицк,Социальная политика,56.9,expenses
Городской округ Троицк,Физическая культура и спорт,27.6,expenses
Городской округ Троицк,Средства массовой информации,5.6,expenses
Городской округ Троицк,Расходы: итого,,expenses
Городской округ Щербинка,Налоговые доходы,196,income
Городской округ Щербинка,Неналоговые доходы,71.9,income
Городской округ Щербинка,Безвозмездные поступления,5.2,income
Городской округ Щербинка,Доходы: итого,273.1,income
Городской округ Щербинка,Общегосударственные вопросы,70.2,expenses
Городской округ Щербинка,Национальная оборона,1.5,expenses
Городской округ Щербинка,Национальная экономика,17.9,expenses
Городской округ Щербинка,Жилищно-коммунальное хозяйство,64.9,expenses
Городской округ Щербинка,Образование,71.6,expenses
Городской округ Щербинка,"Культура, кинематография",26.2,expenses
Городской округ Щербинка,Социальная политика,1.7,expenses
Городской округ Щербинка,Физическая культура и спорт,0.2,expenses
Городской округ Щербинка,Средства массовой информации,6.4,expenses
Городской округ Щербинка,Расходы: итого,260.8,expenses
"Поселение ""Мосрентген""",Налоговые доходы,198,income
"Поселение ""Мосрентген""",Неналоговые доходы,11.5,income
"Поселение ""Мосрентген""",Безвозмездные поступления,27.9,income
"Поселение ""Мосрентген""",Доходы: итого,237.4,income
"Поселение ""Мосрентген""",Общегосударственные вопросы,49.6,expenses
"Поселение ""Мосрентген""",Национальная оборона,0.4,expenses
"Поселение ""Мосрентген""",Национальная безопасность и правоохранительная деятельность,1.7,expenses
"Поселение ""Мосрентген""",Национальная экономика,12.2,expenses
"Поселение ""Мосрентген""",Жилищно-коммунальное хозяйство,78.8,expenses
"Поселение ""Мосрентген""","Культура, кинематография",16.8,expenses
"Поселение ""Мосрентген""",Социальная политика,2.7,expenses
"Поселение ""Мосрентген""",Физическая культура и спорт,11.4,expenses
"Поселение ""Мосрентген""",Средства массовой информации,0,expenses
"Поселение ""Мосрентген""",Расходы: итого,173.6,expenses
Поселение Внуковское,Налоговые доходы,75,income
Поселение Внуковское,Неналоговые доходы,8.5,income
Поселение Внуковское,Безвозмездные поступления,12.8,income
Поселение Внуковское,Доходы: итого,96.3,income
Поселение Внуковское,Общегосударственные вопросы,80.2,expenses
Поселение Внуковское,Национальная оборона,0.2,expenses
Поселение Внуковское,Национальная безопасность и правоохранительная деятельность,0.4,expenses
Поселение Внуковское,Национальная экономика,11.4,expenses
Поселение Внуковское,Жилищно-коммунальное хозяйство,28.1,expenses
Поселение Внуковское,Образование,0.4,expenses
Поселение Внуковское,"Культура, кинематография",5.6,expenses
Поселение Внуковское,Социальная политика,0.2,expenses
Поселение Внуковское,Физическая культура и спорт,0.6,expenses
Поселение Внуковское,Средства массовой информации,0,expenses
Поселение Внуковское,Расходы: итого,127.1,expenses
Поселение Вороновское,Налоговые доходы,112.6,income
Поселение Вороновское,Неналоговые доходы,3.5,income
Поселение Вороновское,Безвозмездные поступления,2.8,income
Поселение Вороновское,Доходы: итого,118.9,income
Поселение Вороновское,Общегосударственные вопросы,39.6,expenses
Поселение Вороновское,Национальная оборона,0.5,expenses
Поселение Вороновское,Национальная безопасность и правоохранительная деятельность,0.1,expenses
Поселение Вороновское,Национальная экономика,15.9,expenses
Поселение Вороновское,Жилищно-коммунальное хозяйство,34.7,expenses
Поселение Вороновское,Образование,0.1,expenses
Поселение Вороновское,"Культура, кинематография",13.1,expenses
Поселение Вороновское,Социальная политика,0.2,expenses
Поселение Вороновское,Физическая культура и спорт,5.2,expenses
Поселение Вороновское,Средства массовой информации,0,expenses
Поселение Вороновское,Расходы: итого,109.6,expenses
Поселение Воскресенское,Налоговые доходы,49.1,income
Поселение Воскресенское,Неналоговые доходы,9.1,income
Поселение Воскресенское,Безвозмездные поступления,16.9,income
Поселение Воскресенское,Доходы: итого,75.2,income
Поселение Воскресенское,Общегосударственные вопросы,38.2,expenses
Поселение Воскресенское,Национальная оборона,0.2,expenses
Поселение Воскресенское,Национальная безопасность и правоохранительная деятельность,1,expenses
Поселение Воскресенское,Национальная экономика,6.3,expenses
Поселение Воскресенское,Жилищно-коммунальное хозяйство,41.6,expenses
Поселение Воскресенское,Образование,0.7,expenses
Поселение Воскресенское,"Культура, кинематография",17.1,expenses
Поселение Воскресенское,Социальная политика,2.4,expenses
Поселение Воскресенское,Физическая культура и спорт,1,expenses
Поселение Воскресенское,Средства массовой информации,0.2,expenses
Поселение Воскресенское,Расходы: итого,108.7,expenses
